{
"lengthUnit": "mil",
"components": {
	"fields": ["COMPONENT_NO", "COMPONENT_NAME", "LAYER", "X_COORDINATE", "Y_COORDINATE", "ANGLE"],
	"rows": [
		[1, "B1", "T", 1565, 1860, 0],
		[2, "C1", "T", 1320, 1845, 0],
		[3, "C2", "T", 1735, 1840, 0],
		[4, "C4", "T", 2150, 1840, 0],
		[5, "CN1", "T", 535, 1275.39, 0],
		[6, "U1", "T", 825, 1755, 0],
		[7, "U2", "T", 585, 2090, 0],
		[8, "U3", "T", 2760, 1905, 0],
		[9, "U4", "T", 2770, 1500, 0],
		[10, "U5", "T", 2755, 2245, 0]
	]
},
"pins": {
	"fields": ["PIN_NO", "PIN_NAME", "PIN_X", "PIN_Y", "LAYER", "PIN_TYPE", "NET_NAME", "NET_TYPE", "PAD_SHAPE", "PAD_SIZEX", "PAD_SIZEY", "HOLE_SIZE", "PAD_ANGLE"],
	"rows": [
		[1, "B1_1", 965, 2310, "T", "DIP", "B1_1", "", "C", 59.05, 59.05, 35.43, 0],
		[2, "B1_1", 965, 2310, "B", "DIP", "B1_1", "", "C", 59.05, 59.05, 35.43, 0],
		[3, "B1_2", 1065, 2310, "T", "DIP", "B1_2", "", "C", 59.05, 59.05, 35.43, 0],
		[4, "B1_2", 1065, 2310, "B", "DIP", "B1_2", "", "C", 59.05, 59.05, 35.43, 0],
		[5, "B1_3", 1165, 2310, "T", "DIP", "U2_1", "", "C", 59.05, 59.05, 35.43, 0],
		[6, "B1_3", 1165, 2310, "B", "DIP", "U2_1", "", "C", 59.05, 59.05, 35.43, 0],
		[7, "B1_4", 1265, 2310, "T", "DIP", "B1_4", "", "C", 59.05, 59.05, 35.43, 0],
		[8, "B1_4", 1265, 2310, "B", "DIP", "B1_4", "", "C", 59.05, 59.05, 35.43, 0],
		[9, "B1_5", 1365, 2310, "T", "DIP", "U2_1", "", "C", 59.05, 59.05, 35.43, 0],
		[10, "B1_5", 1365, 2310, "B", "DIP", "U2_1", "", "C", 59.05, 59.05, 35.43, 0],
		[11, "B1_6", 1465, 2310, "T", "DIP", "B1_6", "", "C", 59.05, 59.05, 35.43, 0],
		[12, "B1_6", 1465, 2310, "B", "DIP", "B1_6", "", "C", 59.05, 59.05, 35.43, 0],
		[13, "B1_7", 1565, 2310, "T", "DIP", "B1_7", "", "C", 59.05, 59.05, 35.43, 0],
		[14, "B1_7", 1565, 2310, "B", "DIP", "B1_7", "", "C", 59.05, 59.05, 35.43, 0],
		[15, "B1_8", 1665, 2310, "T", "DIP", "B1_8", "", "C", 59.05, 59.05, 35.43, 0],
		[16, "B1_8", 1665, 2310, "B", "DIP", "B1_8", "", "C", 59.05, 59.05, 35.43, 0],
		[17, "B1_9", 1765, 2310, "T", "DIP", "B1_9", "", "C", 59.05, 59.05, 35.43, 0],
		[18, "B1_9", 1765, 2310, "B", "DIP", "B1_9", "", "C", 59.05, 59.05, 35.43, 0],
		[19, "B1_10", 1865, 2310, "T", "DIP", "B1_10", "", "C", 59.05, 59.05, 35.43, 0],
		[20, "B1_10", 1865, 2310, "B", "DIP", "B1_10", "", "C", 59.05, 59.05, 35.43, 0],
		[21, "B1_11", 1965, 2310, "T", "DIP", "U2_16", "", "C", 59.05, 59.05, 35.43, 0],
		[22, "B1_11", 1965, 2310, "B", "DIP", "U2_16", "", "C", 59.05, 59.05, 35.43, 0],
		[23, "B1_12", 2065, 2310, "T", "DIP", "U4_1", "", "C", 59.05, 59.05, 35.43, 0],
		[24, "B1_12", 2065, 2310, "B", "DIP", "U4_1", "", "C", 59.05, 59.05, 35.43, 0],
		[25, "B1_13", 2165, 2310, "T", "DIP", "U4_2", "", "C", 59.05, 59.05, 35.43, 0],
		[26, "B1_13", 2165, 2310, "B", "DIP", "U4_2", "", "C", 59.05, 59.05, 35.43, 0],
		[27, "B1_14", 965, 1410, "T", "DIP", "U2_1", "", "C", 59.05, 59.05, 35.43, 0],
		[28, "B1_14", 965, 1410, "B", "DIP", "U2_1", "", "C", 59.05, 59.05, 35.43, 0],
		[29, "B1_15", 1065, 1410, "T", "DIP", "B1_15", "", "C", 59.05, 59.05, 35.43, 0],
		[30, "B1_15", 1065, 1410, "B", "DIP", "B1_15", "", "C", 59.05, 59.05, 35.43, 0],
		[31, "B1_16", 1165, 1410, "T", "DIP", "B1_16", "", "C", 59.05, 59.05, 35.43, 0],
		[32, "B1_16", 1165, 1410, "B", "DIP", "B1_16", "", "C", 59.05, 59.05, 35.43, 0],
		[33, "B1_17", 1265, 1410, "T", "DIP", "B1_17", "", "C", 59.05, 59.05, 35.43, 0],
		[34, "B1_17", 1265, 1410, "B", "DIP", "B1_17", "", "C", 59.05, 59.05, 35.43, 0],
		[35, "B1_18", 1365, 1410, "T", "DIP", "B1_18", "", "C", 59.05, 59.05, 35.43, 0],
		[36, "B1_18", 1365, 1410, "B", "DIP", "B1_18", "", "C", 59.05, 59.05, 35.43, 0],
		[37, "B1_19", 1465, 1410, "T", "DIP", "B1_19", "", "C", 59.05, 59.05, 35.43, 0],
		[38, "B1_19", 1465, 1410, "B", "DIP", "B1_19", "", "C", 59.05, 59.05, 35.43, 0],
		[39, "B1_20", 1565, 1410, "T", "DIP", "B1_20", "", "C", 59.05, 59.05, 35.43, 0],
		[40, "B1_20", 1565, 1410, "B", "DIP", "B1_20", "", "C", 59.05, 59.05, 35.43, 0],
		[41, "B1_21", 1665, 1410, "T", "DIP", "B1_21", "", "C", 59.05, 59.05, 35.43, 0],
		[42, "B1_21", 1665, 1410, "B", "DIP", "B1_21", "", "C", 59.05, 59.05, 35.43, 0],
		[43, "B1_22", 1765, 1410, "T", "DIP", "B1_22", "", "C", 59.05, 59.05, 35.43, 0],
		[44, "B1_22", 1765, 1410, "B", "DIP", "B1_22", "", "C", 59.05, 59.05, 35.43, 0],
		[45, "B1_23", 1865, 1410, "T", "DIP", "U3_1", "", "C", 59.05, 59.05, 35.43, 0],
		[46, "B1_23", 1865, 1410, "B", "DIP", "U3_1", "", "C", 59.05, 59.05, 35.43, 0],
		[47, "B1_24", 1965, 1410, "T", "DIP", "U3_2", "", "C", 59.05, 59.05, 35.43, 0],
		[48, "B1_24", 1965, 1410, "B", "DIP", "U3_2", "", "C", 59.05, 59.05, 35.43, 0],
		[49, "B1_25", 2065, 1410, "T", "DIP", "U2_2", "", "C", 59.05, 59.05, 35.43, 0],
		[50, "B1_25", 2065, 1410, "B", "DIP", "U2_2", "", "C", 59.05, 59.05, 35.43, 0],
		[51, "B1_26", 2165, 1410, "T", "DIP", "U2_3", "", "C", 59.05, 59.05, 35.43, 0],
		[52, "B1_26", 2165, 1410, "B", "DIP", "U2_3", "", "C", 59.05, 59.05, 35.43, 0],
		[53, "C1_1", 1420, 1845, "T", "DIP", "U2_1", "", "C", 47.24, 47.24, 27.56, 180],
		[54, "C1_1", 1420, 1845, "B", "DIP", "U2_1", "", "C", 47.24, 47.24, 27.56, 180],
		[55, "C1_2", 1220, 1845, "T", "DIP", "U5_3", "", "C", 47.24, 47.24, 27.56, 180],
		[56, "C1_2", 1220, 1845, "B", "DIP", "U5_3", "", "C", 47.24, 47.24, 27.56, 180],
		[57, "C2_1", 1835, 1840, "T", "DIP", "U2_1", "", "C", 47.24, 47.24, 27.56, 180],
		[58, "C2_1", 1835, 1840, "B", "DIP", "U2_1", "", "C", 47.24, 47.24, 27.56, 180],
		[59, "C2_2", 1635, 1840, "T", "DIP", "U2_16", "", "C", 47.24, 47.24, 27.56, 180],
		[60, "C2_2", 1635, 1840, "B", "DIP", "U2_16", "", "C", 47.24, 47.24, 27.56, 180],
		[61, "C4_1", 2250, 1840, "T", "DIP", "U2_16", "", "C", 47.24, 47.24, 27.56, 180],
		[62, "C4_1", 2250, 1840, "B", "DIP", "U2_16", "", "C", 47.24, 47.24, 27.56, 180],
		[63, "C4_2", 2050, 1840, "T", "DIP", "U2_1", "", "C", 47.24, 47.24, 27.56, 180],
		[64, "C4_2", 2050, 1840, "B", "DIP", "U2_1", "", "C", 47.24, 47.24, 27.56, 180],
		[65, "CN1_A1", 430.7, 1573.79, "T", "SMD", "U2_1", "", "O", 11.81, 39.37, 0, 0],
		[66, "CN1_A10", 608.7, 1573.79, "T", "SMD", "CN1_A10", "", "O", 9.84, 39.37, 0, 0],
		[67, "CN1_A11", 628.3, 1573.79, "T", "SMD", "CN1_A11", "", "O", 9.84, 39.37, 0, 0],
		[68, "CN1_A12", 648.8, 1573.79, "T", "SMD", "U2_1", "", "O", 11.81, 39.37, 0, 0],
		[69, "CN1_A2", 451.2, 1573.79, "T", "SMD", "CN1_A2", "", "O", 9.84, 39.37, 0, 0],
		[70, "CN1_A3", 470.9, 1573.79, "T", "SMD", "CN1_A3", "", "O", 9.84, 39.37, 0, 0],
		[71, "CN1_A4", 490.7, 1573.79, "T", "SMD", "U2_16", "", "O", 9.84, 39.37, 0, 0],
		[72, "CN1_A5", 510.2, 1573.79, "T", "SMD", "CN1_A5", "", "O", 9.84, 39.37, 0, 0],
		[73, "CN1_A6", 529.8, 1573.79, "T", "SMD", "U2_5", "", "O", 9.84, 39.37, 0, 0],
		[74, "CN1_A7", 549.6, 1573.79, "T", "SMD", "U2_6", "", "O", 9.84, 39.37, 0, 0],
		[75, "CN1_A8", 569.3, 1573.79, "T", "SMD", "CN1_A8", "", "O", 9.84, 39.37, 0, 0],
		[76, "CN1_A9", 589, 1573.79, "T", "SMD", "U2_16", "", "O", 9.84, 39.37, 0, 0],
		[77, "CN1_B1", 639, 1510.79, "T", "SMD", "U2_1", "", "O", 11.81, 39.37, 0, 0],
		[78, "CN1_B10", 461, 1510.79, "T", "SMD", "CN1_B10", "", "O", 9.84, 39.37, 0, 0],
		[79, "CN1_B11", 441.3, 1510.79, "T", "SMD", "CN1_B11", "", "O", 9.84, 39.37, 0, 0],
		[80, "CN1_B12", 420.9, 1510.79, "T", "SMD", "U2_1", "", "O", 11.81, 39.37, 0, 0],
		[81, "CN1_B2", 618.5, 1510.79, "T", "SMD", "CN1_B2", "", "O", 9.84, 39.37, 0, 0],
		[82, "CN1_B3", 598.8, 1510.79, "T", "SMD", "CN1_B3", "", "O", 9.84, 39.37, 0, 0],
		[83, "CN1_B4", 579.1, 1510.79, "T", "SMD", "U2_16", "", "O", 9.84, 39.37, 0, 0],
		[84, "CN1_B5", 559.4, 1510.79, "T", "SMD", "CN1_B5", "", "O", 9.84, 39.37, 0, 0],
		[85, "CN1_B6", 539.8, 1510.79, "T", "SMD", "CN1_B6", "", "O", 9.84, 39.37, 0, 0],
		[86, "CN1_B7", 520, 1510.79, "T", "SMD", "CN1_B7", "", "O", 9.84, 39.37, 0, 0],
		[87, "CN1_B8", 500.4, 1510.79, "T", "SMD", "CN1_B8", "", "O", 9.84, 39.37, 0, 0],
		[88, "CN1_B9", 480.7, 1510.79, "T", "SMD", "U2_16", "", "O", 9.84, 39.37, 0, 0],
		[89, "CN1_S1", 705.1, 1550.99, "T", "DIP", "U2_1", "", "O", 47.24, 70.87, 51.18, 0],
		[90, "CN1_S1", 705.1, 1550.99, "B", "DIP", "U2_1", "", "O", 47.24, 70.87, 51.18, 0],
		[91, "CN1_S1", 364.9, 1550.99, "T", "DIP", "U2_1", "", "O", 47.24, 70.87, 51.18, 0],
		[92, "CN1_S1", 364.9, 1550.99, "B", "DIP", "U2_1", "", "O", 47.24, 70.87, 51.18, 0],
		[93, "CN1_S1", 766.5, 1342.29, "T", "DIP", "U2_1", "", "O", 43.31, 82.68, 10, 180],
		[94, "CN1_S1", 766.5, 1342.29, "B", "DIP", "U2_1", "", "O", 43.31, 82.68, 10, 180],
		[95, "CN1_S1", 766.5, 1332.49, "T", "DIP", "U2_1", "", "O", 43.31, 70.87, 51.18, 0],
		[96, "CN1_S1", 766.5, 1332.49, "B", "DIP", "U2_1", "", "O", 43.31, 70.87, 51.18, 0],
		[97, "CN1_S1", 303.4, 1342.29, "T", "DIP", "U2_1", "", "O", 43.31, 82.68, 10, 180],
		[98, "CN1_S1", 303.4, 1342.29, "B", "DIP", "U2_1", "", "O", 43.31, 82.68, 10, 180],
		[99, "CN1_S1", 303.9, 1332.49, "T", "DIP", "U2_1", "", "O", 43.31, 70.87, 51.18, 0],
		[100, "CN1_S1", 303.9, 1332.49, "B", "DIP", "U2_1", "", "O", 43.31, 70.87, 51.18, 0],
		[101, "CN1_S1", 693.3, 1537.19, "T", "DIP", "U2_1", "", "O", 43.31, 62.99, 51.18, 90],
		[102, "CN1_S1", 693.3, 1537.19, "B", "DIP", "U2_1", "", "O", 43.31, 62.99, 51.18, 90],
		[103, "CN1_S1", 376.7, 1537.39, "T", "DIP", "U2_1", "", "O", 43.31, 62.99, 51.18, 90],
		[104, "CN1_S1", 376.7, 1537.39, "B", "DIP", "U2_1", "", "O", 43.31, 62.99, 51.18, 90],
		[105, "U1_1", 785.63, 1755, "T", "DIP", "U2_7", "", "C", 94.49, 94.49, 36, 0],
		[106, "U1_1", 785.63, 1755, "B", "DIP", "U2_7", "", "C", 94.49, 94.49, 36, 0],
		[107, "U1_2", 978.54, 1755, "T", "DIP", "U2_8", "", "C", 94.49, 94.49, 36, 0],
		[108, "U1_2", 978.54, 1755, "B", "DIP", "U2_8", "", "C", 94.49, 94.49, 36, 0],
		[109, "U2_1", 390, 1955, "T", "SMD", "U2_1", "", "R", 27.6, 86.6, 0, 0],
		[110, "U2_2", 440, 1955, "T", "SMD", "U2_2", "", "R", 27.6, 86.6, 0, 0],
		[111, "U2_3", 490, 1955, "T", "SMD", "U2_3", "", "R", 27.6, 86.6, 0, 0],
		[112, "U2_4", 540, 1955, "T", "SMD", "U2_4", "", "R", 27.6, 86.6, 0, 0],
		[113, "U2_5", 590, 1955, "T", "SMD", "U2_5", "", "R", 27.6, 86.6, 0, 0],
		[114, "U2_6", 640, 1955, "T", "SMD", "U2_6", "", "R", 27.6, 86.6, 0, 0],
		[115, "U2_7", 690, 1955, "T", "SMD", "U2_7", "", "R", 27.6, 86.6, 0, 0],
		[116, "U2_8", 740, 1955, "T", "SMD", "U2_8", "", "R", 27.6, 86.6, 0, 0],
		[117, "U2_9", 740, 2246.3, "T", "SMD", "U2_9", "", "R", 27.6, 86.6, 0, 0],
		[118, "U2_10", 690, 2246.3, "T", "SMD", "U2_10", "", "R", 27.6, 86.6, 0, 0],
		[119, "U2_11", 640, 2246.3, "T", "SMD", "U2_11", "", "R", 27.6, 86.6, 0, 0],
		[120, "U2_12", 590, 2246.3, "T", "SMD", "U2_12", "", "R", 27.6, 86.6, 0, 0],
		[121, "U2_13", 540, 2246.3, "T", "SMD", "U2_13", "", "R", 27.6, 86.6, 0, 0],
		[122, "U2_14", 490, 2246.3, "T", "SMD", "U2_14", "", "R", 27.6, 86.6, 0, 0],
		[123, "U2_15", 440, 2246.3, "T", "SMD", "U2_15", "", "R", 27.6, 86.6, 0, 0],
		[124, "U2_16", 390, 2246.3, "T", "SMD", "U2_16", "", "R", 27.6, 86.6, 0, 0],
		[125, "U3_1", 2641.89, 1905, "T", "SMD", "U3_1", "", "R", 78.74, 78.74, 0, 0],
		[126, "U3_2", 2878.11, 1905, "T", "SMD", "U3_2", "", "R", 78.74, 78.74, 0, 0],
		[127, "U4_1", 2651.89, 1500, "T", "SMD", "U4_1", "", "R", 78.74, 78.74, 0, 0],
		[128, "U4_2", 2888.11, 1500, "T", "SMD", "U4_2", "", "R", 78.74, 78.74, 0, 0],
		[129, "U5_1", 2866.61, 2154.45, "T", "SMD", "U2_1", "", "R", 97.24, 38.58, 0, 0],
		[130, "U5_2", 2866.61, 2245, "T", "SMD", "U5_2", "", "R", 97.24, 38.58, 0, 0],
		[131, "U5_3", 2866.61, 2335.55, "T", "SMD", "U5_3", "", "R", 97.24, 38.58, 0, 0],
		[132, "U5_4", 2643.39, 2245, "T", "SMD", "U2_16", "", "R", 97.24, 141.73, 0, 0]
	]
}
}